id;date;en;sk;de
f2a33f8f-6f2c-4aea-b46c-b967f7f1d4e0;2026-05-08T02:22:29Z;When a server reaches Endgame, company mergers are now also blocked and return a clear \"The game has ended. No further operations are allowed.\" message to keep the economy fully frozen.;Keď server dosiahne Endgame, zlúčenia spoločností sú teraz tiež zablokované a vracajú jasnú správu „Hra sa skončila. Ďalšie operácie nie sú povolené.“, aby ekonomika zostala úplne zmrazená.;Wenn ein Server das Endgame erreicht, sind Unternehmensfusionen jetzt ebenfalls blockiert und geben die klare Meldung „Das Spiel ist beendet. Weitere Vorgänge sind nicht erlaubt.“ zurück, damit die Wirtschaft vollständig eingefroren bleibt.
f669bcd2-bc8d-4b82-942f-c96b533578a1;2026-05-08T01:46:40Z;The Wealth Leaderboard now shows a Win Condition panel with the top-5 real-world billionaire wealth targets, including Target/Surpassed badges and formatted billion-dollar values, so players can track their progress toward the endgame win condition.;Rebríček bohatstva teraz zobrazuje panel Podmienky výhry s 5 cieľmi bohatstva skutočných miliardárov, vrátane odznakov Cieľ/Prekonaný a hodnôt v miliardách, aby hráči mohli sledovať postup k endgame podmienke výhry.;Das Vermögens-Leaderboard zeigt jetzt ein Siegbedingungen-Panel mit den Top-5-Vermögenszielen realer Milliardäre, inklusive Ziel/Übertroffen-Abzeichen und formatierten Milliardenwerten, damit Spieler ihren Fortschritt zum Endgame-Sieg verfolgen können.
cf0a8a6f-a9d5-4ff8-9f7a-d32d2057ba20;2026-05-08T01:16:30Z;Onboarding now lets you manually edit your generated in-game name with a privacy warning, and the master portal now includes in-game name settings that update your cross-server identity.;Onboarding teraz umožňuje ručne upraviť vygenerované herné meno s upozornením na súkromie a master portál teraz obsahuje nastavenia herného mena, ktoré aktualizujú vašu identitu naprieč servermi.;Das Onboarding erlaubt jetzt das manuelle Bearbeiten des generierten In-Game-Namens mit Datenschutzhinweis, und das Master-Portal enthält nun In-Game-Namenseinstellungen, die Ihre serverübergreifende Identität aktualisieren.
6984140f-a64f-4f68-b722-243dfbd37bdb;2026-05-08T00:29:32Z;Endgame benchmarks now come from a seeded RealWorldBillionaire table and are exposed through the new realWorldBenchmarks and gameEndState GraphQL queries for final leaderboard and lockout UI.;Endgame benchmarky teraz pochádzajú zo seedovanej tabuľky RealWorldBillionaire a sú dostupné cez nové GraphQL query realWorldBenchmarks a gameEndState pre finálny rebríček a UI uzamknutia.;Endgame-Benchmarks stammen jetzt aus einer vorbefüllten RealWorldBillionaire-Tabelle und sind über die neuen GraphQL-Abfragen realWorldBenchmarks und gameEndState für finale Rangliste und Sperrmodus-UI verfügbar.
9f3f4a0c-58f2-4ae1-8f63-73ec9ff8f2cf;2026-05-08T00:03:33Z;Personal account naming now auto-retries unique pseudonyms during onboarding, keeps generated names within 30 characters, and adds a random-name button in player settings.;Pomenovanie osobného účtu teraz počas onboardingu automaticky opakuje generovanie jedinečného pseudonymu, drží vygenerované mená do 30 znakov a pridáva tlačidlo na náhodné meno v nastaveniach hráča.;Die Benennung des persönlichen Kontos versucht im Onboarding jetzt automatisch erneut ein eindeutiges Pseudonym zu erzeugen, hält generierte Namen innerhalb von 30 Zeichen und fügt in den Spielereinstellungen eine Schaltfläche für Zufallsnamen hinzu.
4816d6dd-03d9-4ce3-9e7f-045735ebef2f;2026-05-07T23:32:52Z;Endgame UX now includes a full-screen server-complete overlay with final rankings, share action, and personal wealth progress toward the real-world top-5 target plus a documented win-condition section in the encyclopedia.;UX Endgame teraz obsahuje celoobrazovkové prekrytie dokončeného servera s finálnym rebríčkom, tlačidlom zdieľania a progresom osobného bohatstva k reálnemu top-5 cieľu spolu s popisom podmienky víťazstva v encyklopédii.;Die Endgame-UX enthält jetzt ein bildschirmfüllendes Overlay zum Serverabschluss mit finaler Rangliste, Teilen-Aktion und Fortschritt des persönlichen Vermögens zum realen Top-5-Ziel sowie einen dokumentierten Siegbedingungsabschnitt in der Enzyklopädie.
6a1a31a7-9ca1-4a8b-b65e-3bfe1dd939f8;2026-05-07T22:13:16Z;Endgame is now live: the game shows real-world top-5 wealth targets, automatically ends the server when a player beats the target threshold, publishes a final ranking report, and marks completed shards on the master portal.;Endgame je teraz aktívny: hra zobrazuje top 5 reálnych cieľov bohatstva, automaticky ukončí server keď hráč prekoná cieľový limit, publikuje finálnu správu s rebríčkom a označí dokončené servery na master portáli.;Das Endgame ist jetzt live: Das Spiel zeigt die Top-5-Reichtumsziele aus der realen Welt, beendet den Server automatisch wenn ein Spieler den Zielwert übertrifft, veröffentlicht einen finalen Ranglistenbericht und markiert abgeschlossene Shards im Master-Portal.
1774e289-bd77-4e6a-8f8f-063e009627ce;2026-05-07T22:02:30Z;Master portal home now restores the guest Sign in CTA and hero heading while keeping personal account name display for signed-in players.;Domovská stránka master portálu teraz opäť zobrazuje hosťovské CTA Sign in a hero nadpis, pričom pre prihlásených hráčov zachováva zobrazenie osobného názvu účtu.;Die Startseite des Master-Portals zeigt nun wieder die Gast-CTA „Sign in“ und die Hero-Überschrift, während für angemeldete Spieler weiterhin der persönliche Kontoname angezeigt wird.
83bb321a-fd5f-4e36-aec9-32a6fd006876;2026-05-07T21:12:53Z;Onboarding now generates a reusable personal account pseudonym, rankings and profiles use it across servers, and players can update it in settings with uniqueness checks.;Onboarding teraz generuje znovupoužiteľný pseudonym osobného účtu, rebríčky a profily ho používajú naprieč servermi a hráči ho môžu meniť v nastaveniach s kontrolou jedinečnosti.;Das Onboarding generiert jetzt ein wiederverwendbares Pseudonym für das persönliche Konto, Ranglisten und Profile verwenden es serverübergreifend, und Spieler können es in den Einstellungen mit Eindeutigkeitsprüfung ändern.
83ba83ff-12fe-406d-a6bb-bb56f7c57d06;2026-05-07T19:44:37Z;Operations Dashboard is now consolidated under /operations/statistics with section navigation, a dedicated news editor route, sortable player and product analytics tables, CSV export, and live money-flow/product admin analytics queries.;Operačný dashboard je teraz zjednotený pod /operations/statistics s navigáciou sekcií, samostatnou routou editora noviniek, triediteľnými tabuľkami hráčov a produktovej analytiky, CSV exportom a živými admin analytickými query pre peňažné toky a produkty.;Das Operations-Dashboard ist jetzt unter /operations/statistics konsolidiert mit Bereichsnavigation, separater News-Editor-Route, sortierbaren Spieler- und Produktanalyse-Tabellen, CSV-Export sowie live Admin-Analytikabfragen für Geldflüsse und Produkte.
be43adb3-e5a5-4822-8c7c-c44c70eefed9;2026-04-13T18:44:00Z;The Sales Loop Status and Production Chain guidance panels now have a Dismiss button — closing a panel hides it for that building until the chain breaks and requires player attention again.;Panely Stav predajného cyklu a Výrobný reťazec majú teraz tlačidlo Zavrieť — zatvorením panela sa skryje pre danú budovu, kým reťazec nezaznamená chybu vyžadujúcu pozornosť hráča.;Die Panels Verkaufskreislauf-Status und Produktionskette haben jetzt eine Schließen-Schaltfläche — das Schließen blendet das Panel für dieses Gebäude aus, bis die Kette einen Fehler aufweist, der die Aufmerksamkeit des Spielers erfordert.
f0f05540-d25c-4f18-b1ed-3f61b587b0bb;2026-04-13T18:06:55Z;Stock Exchange trading now keeps the active account selector visible in the top navbar and groups share quantity with clearer buy/sell actions for faster, safer trading.;Obchodovanie na Burze akcií teraz ponecháva aktívny prepínač účtu viditeľný v hornej navigácii a zoskupuje počet akcií s prehľadnejšími tlačidlami kúpiť/predať pre rýchlejšie a bezpečnejšie obchodovanie.;Der Aktienhandel zeigt den aktiven Kontowähler jetzt dauerhaft in der oberen Navigation an und gruppiert die Aktienanzahl mit klareren Kaufen/Verkaufen-Aktionen für schnelleres und sichereres Handeln.
a6d70b27-6b8b-4c56-be0b-73dbca529c77;2026-04-13T10:00:00Z;Dashboard and ledger screens load faster — repeated navigation between panels no longer reloads the same data from the database. City lists and resource catalogs are cached server-side, ledger history for completed game years is served from memory, and the database now has an optimised index for category drill-down queries;Obrazovky palubnej dosky a účtovnej knihy sa načítavajú rýchlejšie — opakovaná navigácia medzi panelmi už nenačítava rovnaké dáta z databázy. Zoznamy miest a katalógy zdrojov sú uložené v pamäti servera, história účtovnej knihy za ukončené herné roky je obsluhovaná z pamäte a databáza má teraz optimalizovaný index pre kategorizované dotazy;Dashboard- und Hauptbuch-Bildschirme laden schneller — wiederholte Navigation zwischen Panels lädt nicht mehr dieselben Daten aus der Datenbank. Stadtlisten und Ressourcenkataloge werden server-seitig zwischengespeichert, die Hauptbuchhistorie für abgeschlossene Spieljahre wird aus dem Speicher bereitgestellt und die Datenbank hat nun einen optimierten Index für kategoriespezifische Detailabfragen
3f8c1a72-4b9e-4d6f-8c3a-1e5b2d7f9041;2026-04-13T08:44:38Z;Global Exchange offers now show a quality variability band (5%–20% range) so you can see whether a city delivers consistent high-quality materials or unpredictable lower-quality inputs — helping you make smarter sourcing decisions;Ponuky Globálnej burzy teraz zobrazujú pásmo variability kvality (5%–20% rozsah), takže vidíte, či mesto dodáva konzistentnú vysokú kvalitu alebo nepredvídateľné nižšie vstupy — pomáha vám robiť inteligentnejšie rozhodnutia o zdrojoch;Angebote der Globalen Börse zeigen jetzt ein Qualitätsvariabilitätsband (5%–20% Bereich), damit Sie sehen können, ob eine Stadt konsistent hochwertige Materialien oder unvorhersehbare Eingaben liefert — für klügere Beschaffungsentscheidungen
1529f596-19c9-446b-9a2f-73a71222b047;2026-04-13T05:43:50Z;Player-facing game UI now shows human-readable in-game dates and durations instead of raw tick counters — upgrade wait times, construction countdowns, income-tax schedules, and the leaderboard clock all display game time while raw ticks remain available in tooltips for debugging;Herné rozhranie teraz zobrazuje ľudsky čitateľné herné dátumy a trvanie namiesto surových čísel tickov — čakacie doby na upgrade, odpočítavania výstavby, harmonogram dane z príjmu a hodiny na rebríčku zobrazujú herný čas, zatiaľ čo surové ticky zostávajú dostupné v tipoch pre ladenie;Das spielerseitige UI zeigt nun lesbare Spiel-Datum- und -Dauerangaben statt roher Tick-Zähler — Upgrade-Wartezeiten, Bauzeitkoten, Einkommensteuer-Zeitpläne und die Ranglisten-Uhr zeigen Spielzeit, während rohe Ticks in Tooltips für Debugging verfügbar bleiben
20f78a21-0685-4f0a-993f-dd730482ee61;2026-04-13T06:43:52Z;B2B Sales units now show a prominent warning when no upstream source is configured, and clearly name the Manufacturing or Mining unit that the default price was derived from so players always know what to do next;B2B predajné jednotky teraz zobrazujú výrazné upozornenie, keď nie je nakonfigurovaný žiadny zdrojový uzol, a jasne uvádzajú výrobnú alebo ťažobnú jednotku, z ktorej bola odvodená predvolená cena, aby hráči vždy vedeli, čo urobiť ďalej;B2B-Verkaufseinheiten zeigen jetzt eine prominente Warnung, wenn keine Upstream-Quelle konfiguriert ist, und benennen klar die Fertigungs- oder Abbaueinheit, von der der Standardpreis abgeleitet wurde, damit Spieler immer wissen, was als nächstes zu tun ist
b8f3c2e1-5d7a-4e9b-a6c0-1f2d8e4b7c3a;2026-04-13T01:44:42Z;Units under upgrade are now offline — they do not purchase, produce, move inventory, or sell while the upgrade is in progress, and the building grid shows an upgrade badge with a downtime notice;Jednotky počas vylepšenia sú teraz offline — nekupujú, nevyrábajú, nepresúvajú zásoby ani nepredávajú počas vylepšenia, a mriežka budovy zobrazuje odznak s upozornením na výpadok;Einheiten im Upgrade sind jetzt offline — sie kaufen, produzieren, verschieben Inventar oder verkaufen nicht während des Upgrades; das Gebäude-Raster zeigt ein Upgrade-Abzeichen mit einem Ausfall-Hinweis
f4b92e1d-7a03-4c8b-b5d2-9e1c6a3f0d87;2026-04-12T23:45:00Z;Storage units now hold 10× the capacity of purchase and sales units, making dedicated storage a meaningful logistics choice in factory and mine layouts;Skladové jednotky teraz pojmú 10× viac ako nákupné a predajné jednotky, čo robí dedikované sklady zmysluplnou logistickou voľbou v rozložení továrne a bane;Lagereinheiten fassen jetzt das 10-fache der Kapazität von Kauf- und Verkaufseinheiten, was dedizierte Lager zu einer sinnvollen Logistikentscheidung im Fabrik- und Bergwerks-Layout macht
c7e2a94b-3f8d-4b1a-91e2-d05f63b47ab2;2026-04-12T22:17:29Z;B2B sales units now auto-fill a competitive default price from the linked product or resource when placed in a factory or mine;B2B predajné jednotky teraz automaticky vypĺňajú konkurenčnú predvolenú cenu z prepojeného produktu alebo suroviny pri umiestnení v továrni alebo bani;B2B-Verkaufseinheiten füllen jetzt beim Platzieren in einer Fabrik oder Mine automatisch einen wettbewerbsfähigen Standardpreis aus dem verknüpften Produkt oder der Ressource ein
a3d807fa-cdd9-4977-ae3a-7e922e9b0755;2026-04-12T19:50:00Z;Manufacturing output product selector now shows product images for easier identification;Selektor výstupného produktu výroby teraz zobrazuje obrázky produktov pre ľahšiu identifikáciu;Der Ausgabeprodukt-Selektor der Fertigung zeigt jetzt Produktbilder zur einfacheren Identifikation
4f31a5d8-4fdf-4d98-9f35-3d8d4f4e5c10;2026-04-10T08:01:02Z;Game administration and newsroom launched;Správa hry a newsroom sú spustené;Spieladministration und Newsroom gestartet
1a6641d2-4e89-4087-81c5-bbcd0f45ca31;2026-04-12T18:45:00Z;Building unit directional links fully implemented with diagonal support and visible direction arrows;Smerové prepojenia stavebných jednotiek sú plne implementované vrátane uhlopriečnych prepojení a viditeľných šípok;Direktionale Gebäudeeinheitsverknüpfungen vollständig implementiert mit Diagonalunterstützung und sichtbaren Richtungspfeilen
b8e2f1c3-5a7d-4e9b-8c6f-2d1a3b0e4f5c;2026-04-12T21:00:00Z;Newspaper and changelog data flow restored — all CHANGELOG entries seeded to MasterApi and error handling improved;Tok dát novín a changelogu obnovený — všetky záznamy CHANGELOG sú nahrané do MasterApi a spracovanie chýb je vylepšené;Datenfluss für Zeitung und Changelog wiederhergestellt — alle CHANGELOG-Einträge in MasterApi eingepflegt und Fehlerbehandlung verbessert
